name,instagram_url,handle,followers,follower_evidence,follower_source_url,follower_source_date,location_evidence,niche,why_interesting_guest,other_channels,contact_path,found_via_source_url,reason_unverified
Kate Fahey,https://www.instagram.com/katefaheyinphx/,katefaheyinphx,,No follower count surfaced in any snippet,https://www.instagram.com/katefaheyinphx/,,Profile title 'Kate Fahey | Phoenix Lifestyle Blogger'; IZEA Phoenix list,Lifestyle,Phoenix lifestyle blogger featured by IZEA,,,https://izea.com/resources/phoenix-influencers/,Follower count not found
Bobby Armstrong,https://www.instagram.com/blue_collar_code/,blue_collar_code,,No count in snippets,https://www.instagram.com/blue_collar_code/,,influData: fastest-growing Phoenix home/trades creator (Dec 2025),Trades / HVAC / blue-collar philosophy,HVACR tech and team leader making blue-collar philosophy content; unusual guest profile,TikTok @blue.collar.code; YouTube,,https://infludata.com/rankings/top-20-influencer-united-states-of-america-phoenix-home-instagram,Follower count not found
Lauren & Owen Steinwall,https://www.instagram.com/theazhikeaholics/,theazhikeaholics,,"IG count not in snippets; Threads 34.5K, TikTok 61.8K",https://www.instagram.com/theazhikeaholics/,,Leave No Trace ambassadors; KJZZ (Aug 2026) profile of Arizona hiking couple,Hiking / outdoors / Arizona travel,"Couple who show the unglamorous side of AZ outdoors (wildfire impact, Leave No Trace); KJZZ-profiled",TikTok 61.8K; Threads 34.5K; theazhikeaholics.com,theazhikeaholics.com contact,https://www.kjzz.org/the-show/2026-08-07/the-az-hikeaholics-arent-afraid-to-show-the-less-glamorous-side-of-the-arizona-outdoors,IG follower count not found; joint couple account
JP (jpfit23),https://www.instagram.com/jpfit23/,jpfit23,,No count in snippets,https://www.instagram.com/jpfit23/,,"Profile title 'FITNESS COACH | SCOTTSDALE, ARIZONA'",Fitness coaching,Scottsdale fitness coach,,,https://www.instagram.com/jpfit23/,Follower count not found
Tim Lyons Jr.,https://www.instagram.com/timlyonsjr/,timlyonsjr,,IG count not found; Facebook 7.4K,https://www.instagram.com/timlyonsjr/,,"Google listing: Scottsdale, AZ; bio: gym business coach, gym owner, speaker, author, podcaster",Entrepreneurship / gym business coaching,"Scottsdale gym-business coach, author and podcaster",Podcast (name not captured),,https://www.instagram.com/timlyonsjr/,Follower count not found
Jeremy Anderson,https://www.instagram.com/jjagolf/,jjagolf,,No IG count in snippets,https://www.instagram.com/jjagolf/,,"Google listing: Phoenix, AZ; coaches at The Legacy Golf Resort, Phoenix",Golf instruction,2018 SW PGA Teacher of the Year; Golf Digest Best Teacher in Arizona,YouTube JJAGOLF Academy,jjagolf.com,https://www.heepsy.com/top-instagram/golf/phoenix,Follower count not found; may be under 20K
Christina Barrueta,https://www.instagram.com/writeonrubee/,writeonrubee,,"12News article cites 'about 28,000 followers' (date unknown); no count in current snippet",https://www.instagram.com/writeonrubee/,,Award-winning Phoenix food writer per IG mentions; 12News,Food writing,Award-winning Phoenix food writer,,,https://www.12news.com/article/news/local/arizona/arizona-woman-turns-tasty-food-into-tiktok-stardom-tastesofaz/75-21ff0bf5-419e-487a-8200-578e30ba027f,Count source undated
Phoenix Rei,https://www.instagram.com/phoenix.eatz/,phoenix.eatz,,No count in snippets,https://www.instagram.com/phoenix.eatz/,,Profile title 'Phoenix Rei | Food Content Creator',Food / desserts,Phoenix dessert and food reels,,,https://www.instagram.com/phoenix.eatz/,Follower count not found
Lowcarbdashian,https://www.instagram.com/lowcarbdashian/,lowcarbdashian,45600,"influence.co snippet '45.6k followers' (identical figure to another entry in the same snippet, may be an artifact)",https://influence.co/go/location-search/top-us-influencers/arizona/scottsdale,"Google search snippet of instagram.com profile, retrieved 2026-09-28","influence.co Scottsdale, AZ location search",Keto / weight loss,Keto persona with a memorable handle,,,https://influence.co/go/location-search/top-us-influencers/arizona/scottsdale,Count suspicious; real name unknown
Lauren Wyler,https://www.instagram.com/laurenwyler/,laurenwyler,31800,influence.co snippet '31.8k followers',https://influence.co/go/top/fitness-influencers-phoenix,"Google search snippet of instagram.com profile, retrieved 2026-09-28","influence.co: fitness influencer in Phoenix, Arizona",Fitness,Phoenix fitness creator,,,https://influence.co/go/top/fitness-influencers-phoenix,IG profile not found in search; count from directory only
Lewis Gilbert,https://www.instagram.com/lewisgilbert.fitness/,lewisgilbert.fitness,20000,"Snippet: 'Gilbert Fitness (@lewisgilbert.fitness) - 20K followers, 166 posts'",https://www.instagram.com/lewisgilbert.fitness/,"Google search snippet of instagram.com profile, retrieved 2026-09-28",Heepsy Top Fitness Phoenix (Jun 2026) only,Fitness,YouTube 'Gilbert fit',YouTube,,https://www.heepsy.com/top-instagram/fitness/phoenix,Identity and Phoenix residence unclear; right at 20K floor
Adam Aziz,https://www.instagram.com/adamazizofficial/,adamazizofficial,58000,"Snippet: 'Adam Aziz (@adamazizofficial) ... 58K followers, 3,704 posts'",https://www.instagram.com/adamazizofficial/,"Google search snippet of instagram.com profile, retrieved 2026-09-28",Executive pastor at Metro Tabernacle Church; Arizona base NOT confirmed,Faith / worship / author,"Pastor, worship leader, author, coach",,,https://www.instagram.com/adamazizofficial/,Location unverified (may not be in Arizona)
Brooke Morrison,https://www.instagram.com/americanfamilytravel/,americanfamilytravel,48000,Snippet: '@americanfamilytravel (Brooke Morrison) - 48K followers',https://www.instagram.com/americanfamilytravel/,"Google search snippet of instagram.com profile, retrieved 2026-09-28",Surfaced in Scottsdale travel search only,Luxury family travel,Luxury family travel creator,,,https://www.instagram.com/americanfamilytravel/,Scottsdale/Phoenix residence unverified
Tacorey,https://www.instagram.com/tacoreyonthego/,tacoreyonthego,33000,"Snippet: 'Tacorey on the Go (@tacoreyonthego) - 33K Followers, Arizona Content Creator'",https://www.instagram.com/tacoreyonthego/,"Google search snippet of instagram.com profile, retrieved 2026-09-28","Bio: Arizona Content Creator (food, lifestyle, travel)",Food / lifestyle / travel,AZ food-and-lifestyle creator,,,https://www.instagram.com/tacoreyonthego/,City within Arizona not confirmed
Kirk Williams,https://www.instagram.com/impact.overland/,impact.overland,20000,"Snippet: 'Kirk Williams (@impact.overland) - 20K followers, adaptive vanlife'",https://www.instagram.com/impact.overland/,"Google search snippet of instagram.com profile, retrieved 2026-09-28",Surfaced in Phoenix overland search; residence not confirmed,Adaptive van life / overlanding,Adaptive vanlife and global mobility story,,,https://www.instagram.com/impact.overland/,Location unverified; at 20K floor
Kennedy Kircher,https://www.instagram.com/wellnesswithkenn/,wellnesswithkenn,,"No count found; handle from Collabstr slug, IG search did not confirm it",https://collabstr.com/wellnesswithkenn,,"Collabstr: 24-year-old creator living in Scottsdale, AZ",Wellness / fitness / entrepreneurship,Scottsdale wellness creator with language-learning and entrepreneurship interests,,,https://collabstr.com/wellnesswithkenn,Handle and count unverified
Nick (thefitnick),https://www.instagram.com/thefitnick/,thefitnick,,No count in snippets,https://www.instagram.com/thefitnick/,,Heepsy Top Fitness Phoenix (Jun 2026),Fitness,,,,https://www.heepsy.com/top-instagram/fitness/phoenix,Follower count not found
Kyra Nickel,https://www.instagram.com/kyranickel/,kyranickel,,No count in snippets,https://www.instagram.com/kyranickel/,,"influence.co: Phoenix, Arizona; website aftride.co",Lifestyle / outdoors,,,,https://influence.co/kyranickel,Follower count not found
Luke Chatham,https://www.instagram.com/lukechatham/,lukechatham,,No count in snippets,https://www.instagram.com/lukechatham/,,"influence.co: Phoenix, Arizona acroyogi",Acroyoga / movement,Acroyoga creator; visual and physical,,,https://influence.co/lukechatham,Follower count not found
Kadie Baumgardner,https://www.instagram.com/kadiebaumgardner/,kadiebaumgardner,,No count in snippets,https://www.instagram.com/kadiebaumgardner/,,"Upfluence/search: wellness, beauty and lifestyle creator in Phoenix",Wellness / beauty / UGC,Phoenix wellness-beauty creator,,,https://www.instagram.com/kadiebaumgardner/,Follower count not found
Nathan Linenberger,https://www.instagram.com/nate_the_hemi/,nate_the_hemi,14600,StarNgage/NinjaOutreach snippet: 14.6K followers,https://www.instagram.com/nate_the_hemi/,"Google search snippet of instagram.com profile, retrieved 2026-09-28","Google listing: Scottsdale, AZ; trainer at The Hive fit club",Fitness / bodybuilding / model,Scottsdale bodybuilder and trainer,,,https://www.instagram.com/nate_the_hemi/,Below 20K per third-party count; live IG count not confirmed
Christina Silvestri,https://www.instagram.com/cksilves/,cksilves,,No count captured,https://www.instagram.com/cksilves/,,Off Deadline podcast: AZ Foothills editor-in-chief,Media / luxury lifestyle,Editor-in-chief of Arizona Foothills magazine; knows every creator in town,@azfoothills magazine account (~500K per show notes),,https://www.youtube.com/watch?v=5YOI4rO4ydg,Follower count not found
Melissa Stadler,https://www.instagram.com/modern_honey/,modern_honey,,No count in snippets,https://www.instagram.com/modern_honey/,,Listed among Arizona food Instagrams (PHOENIX magazine 2021),Recipes / baking,Recipe blogger (Modern Honey),Blog modernhoney.com,,https://www.phoenixmag.com/2021/03/05/24-local-food-instagrams-we-love/,Follower count not found; likely above 150K
Safi (Social Cat listing),,,45000,Social Cat snippet: 'Safi 45K',https://thesocialcat.com/influencers/phoenix,"Google search snippet of instagram.com profile, retrieved 2026-09-28",Social Cat Phoenix list,Unknown,,,,https://thesocialcat.com/influencers/phoenix,Handle not captured (directory page blocked)
Savanna (Collabstr listing),,,,No count,https://collabstr.com/top-influencers/in/united-states/arizona/scottsdale,,Collabstr Scottsdale: former pro-tour dancer turned creator,Dance / lifestyle,Ex professional tour dancer,,,https://collabstr.com/top-influencers/in/united-states/arizona/scottsdale,Handle and count not captured
Paloma (Collabstr listing),,,,No count,https://collabstr.com/top-influencers/in/united-states/arizona/scottsdale,,Collabstr Scottsdale faith creator,Faith,,,,https://collabstr.com/top-influencers/in/united-states/arizona/scottsdale,Handle and count not captured
Laurie (ASU) (Social Cat listing),,,23000,Social Cat snippet: 'Laurie (ASU) 23K',https://thesocialcat.com/influencers/arizona,"Google search snippet of instagram.com profile, retrieved 2026-09-28",Social Cat Arizona list,College / lifestyle,,,,https://thesocialcat.com/influencers/arizona,Handle not captured
