name,instagram_url,handle,followers,follower_evidence,follower_source_url,follower_source_date,location_evidence,location_confidence,niche,why_interesting_guest,other_channels,contact_path,found_via_source_url,notes
Allison Waken,https://www.instagram.com/arizonatravelideas/,arizonatravelideas,41000,Snippet: 'Allison Waken (@arizonatravelideas) has 41K followers',https://www.instagram.com/arizonatravelideas/,"Google search snippet of instagram.com profile, retrieved 2026-09-28",Bio: 3rd-generation Arizonan based in Phoenix,high,Arizona travel / road trips,Third-generation Arizonan; deep local roots and road-trip knowledge,Blog arizonatravelideas,,https://www.instagram.com/arizonatravelideas/,
Valeria Nichols,https://www.instagram.com/valnicholsmakeup/,valnicholsmakeup,31000,"Snippet: 'Valeria Nichols, AZ and Destination Makeup Artist with 31K followers'",https://www.instagram.com/valnicholsmakeup/,"Google search snippet of instagram.com profile, retrieved 2026-09-28",Bio: AZ + destination makeup artist,medium,Beauty / makeup artist,Celebrity and bridal MUA with TikTok presence,TikTok,,https://www.instagram.com/valnicholsmakeup/,Service professional; city not stated
Chef Joni,https://www.instagram.com/champagnejoni/,champagnejoni,101000,Snippet: 'Chef Joni has 101k on Instagram-champagnejoni'; influData Aug 2026: +12.3K followers last month (+9.8%),https://www.instagram.com/champagnejoni/,"Google search snippet of instagram.com profile, retrieved 2026-09-28",influData Top 20 Phoenix Food & Drink; reels 'best burrito in Phoenix'; Cozymeal lists Chef Joni in Phoenix,high,Chef / food reviews / grilling,Chef-turned-creator doing blunt Phoenix burger and burrito rankings; fastest-growing food creator in the Phoenix ranking; big TikTok,TikTok @joniblackstone (181K); YouTube 'Chef Joni',chefjoni.us (website),https://infludata.com/rankings/top-20-influencer-united-states-of-america-phoenix-food-instagram,
Ryann Kay,https://www.instagram.com/ryann.kaykay/,ryann.kaykay,101000,"Snippet: '@ryann.kaykay ... 101K followers, 279 posts'; influData lists 103K (Jun 2026)",https://www.instagram.com/ryann.kaykay/,"Google search snippet of instagram.com profile, retrieved 2026-09-28",Bio: located in Arizona; influData Top 20 Phoenix Instagram influencers (Jun 2026),medium,Cosplay / costume design / circus acrobat,"Circus acrobat (aerial straps, Spanish web) and cosplayer; highly visual, unusual story",,,https://infludata.com/rankings/top-20-influencer-united-states-of-america-phoenix-instagram,Bio says Arizona; Phoenix per influData
Jonah Williams,https://www.instagram.com/jonahgwilliams/,jonahgwilliams,40000,"Collabstr listing: '26-year-old athlete with 40k followers from Phoenix, Arizona ... Arizona Cardinals OT'",https://collabstr.com/top-influencers/instagram/in/united-states/arizona/phoenix,"Collabstr live listing, retrieved 2026-09-28","Collabstr: from Phoenix, Arizona",medium,Dad / parenting / fitness,NFL lineman doing dad-and-fitness content; rare male parenting creator in AZ,,,https://collabstr.com/top-influencers/instagram/in/united-states/arizona/phoenix,Pro athlete; confirm still on Cardinals roster
Camille Whiting,https://www.instagram.com/fridaywereinlove/,fridaywereinlove,39400,vidIQ lookup: 39.4K followers,https://www.instagram.com/fridaywereinlove/,"vidIQ live Instagram profile lookup, 2026-09-28",Scott Social '12 Arizona Influencers' list; blog covers Phoenix-area date ideas,medium,Date ideas / family activities,Self-described 'infertility miracle mom' who built a date-night brand,Blog fridaywereinlove.com,,https://www.scottsocialmarketing.com/blog/arizona-influencers-you-should-be-following,City not stated in bio
Lauriel Arkeah,https://www.instagram.com/laurielarkeah/,laurielarkeah,49000,"Snippet: 'Lauriel Arkeah (@laurielarkeah) has 49K followers, 312 posts'",https://www.instagram.com/laurielarkeah/,"Google search snippet of instagram.com profile, retrieved 2026-09-28","Favikon Top 20 Scottsdale Influencers (2025): 'based in Scottsdale, AZ'",high,Faith / mom / entrepreneurship,"'Woman of God, wife, mom, content creator'; runs a talent agency account (@laurielarkeah.theagency)",,,https://www.favikon.com/blog/top-scottsdale-influencers,
Natasha (AZ Family Adventures),https://www.instagram.com/az_familyadventures/,az_familyadventures,108000,Snippet: 'Natasha (@az_familyadventures) - Arizona Family Adventures with 108K followers',https://www.instagram.com/az_familyadventures/,"Google search snippet of instagram.com profile, retrieved 2026-09-28",Reels feature Scottsdale date-night spots; Arizona family activities,medium,Family activities / things to do in AZ,Mom-run guide to family fun across the Valley,,,https://www.instagram.com/az_familyadventures/,Page-style name but one named creator; city not stated
Jenny Donnell,https://www.instagram.com/thesensibleshopaholic/,thesensibleshopaholic,50000,"Snippet: 'Jenny Donnell with 50K followers, everyday casual mom style blogger in Scottsdale, AZ'",https://www.instagram.com/thesensibleshopaholic/,"Google search snippet of instagram.com profile, retrieved 2026-09-28","Bio: mom style blogger in Scottsdale, AZ",high,Fashion / mom style,Budget-minded 'sensible shopaholic' voice,,,https://www.instagram.com/thesensibleshopaholic/,
Scott Schwartz,https://www.instagram.com/scottschwartzfitness/,scottschwartzfitness,45600,"influence.co snippet: '@scottschwartzfitness, a fitness influencer in Scottsdale, Arizona with 45.6k followers'",https://influence.co/scottschwartzfitness,"Google search snippet of instagram.com profile, retrieved 2026-09-28","influence.co profile: Scottsdale, Arizona",medium,Fitness / personal training,Scottsdale trainer-creator squarely in the band,,,https://influence.co/scottschwartzfitness,Count from influence.co directory snippet; may lag the live IG count
Masha Shelton,https://www.instagram.com/masha.shelton/,masha.shelton,39000,"IZEA/Heepsy snippet: 'Masha Shelton has 39K followers ... located in Scottsdale, AZ'",https://izea.com/resources/phoenix-influencers/,"Google search snippet of instagram.com profile, retrieved 2026-09-28","Snippet: located in Scottsdale, AZ; bio 'workouts + wellness + dancer + FUN'",high,Fitness / wellness / dance / golf,Dancer-fitness creator whose husband is also an IG influencer; golf crossover,,,https://www.heepsy.com/ranking/top-fitness-influencers-in-phoenix,Count from IZEA directory snippet
Tessa Renée,https://www.instagram.com/tessareneetr/,tessareneetr,34000,"Snippet: '@tessareneetr ... 34K followers, 1,522 posts'",https://www.instagram.com/tessareneetr/,"Google search snippet of instagram.com profile, retrieved 2026-09-28","Famous Birthdays / press: 'living in Scottsdale, Arizona'; Heepsy Top Wellness Phoenix (Feb 2026)",high,Fitness / wellness / dance,Professionally trained dancer turned coach; appeared on Dance Moms and Abby's Ultimate Dance Competition,YouTube 'Tessa Renée TR'; TikTok @tessareneetr; transformbytr.com,transformbytr.com,https://www.heepsy.com/ranking/top-fitness-influencers-in-phoenix,
Shelley Hobbs,https://www.instagram.com/shelleyfitempoweredmom/,shelleyfitempoweredmom,21000,"Snippet: 'Shelley Hobbs | Fitness & Digital Marketing Coach - 21K followers, 6,362 posts'",https://www.instagram.com/shelleyfitempoweredmom/,"Google search snippet of instagram.com profile, retrieved 2026-09-28",Heepsy #1 Fitness Instagram influencer in Phoenix (Jun 2026),medium,Fitness / mom / digital marketing coach,Mom-fitness creator topping Heepsy's Phoenix fitness list; also coaches digital marketing,,,https://www.heepsy.com/top-instagram/fitness/phoenix,City not stated in bio
Evey,https://www.instagram.com/eatswithevey/,eatswithevey,144000,Snippet: 'EVEY - Arizona Food & Places (@eatswithevey) - 144K followers',https://www.instagram.com/eatswithevey/,"Google search snippet of instagram.com profile, retrieved 2026-09-28",Profile title 'Arizona Food & Places'; reels on Scottsdale date nights,medium,Food / places,Reels-first AZ food-and-places creator near the top of the band,,,https://www.instagram.com/eatswithevey/,Near 150K ceiling; full name not found
Kay Tam (AZFOODGUY),https://www.instagram.com/azfoodguy/,azfoodguy,142000,Snippet: 'AZFOODGUY | Arizona Foodie + AZ Lifestyle (@azfoodguy) - 142K followers',https://www.instagram.com/azfoodguy/,"Google search snippet of instagram.com profile, retrieved 2026-09-28","City Sun Times (Jan 2025): 'Kay, known as @azfoodguy... is located in Scottsdale'; FOX 10 Phoenix feature on Valley food influencers",high,Food / events / AZ lifestyle,Scottsdale-based multi-platform food-and-events voice profiled by City Sun Times and FOX 10; videos hit 1M views and measurably drive restaurant traffic,"TikTok, Facebook, YouTube (same handle; sizes not verified)",,https://www.citysuntimes.com/news/community/celebrating-arizonas-flavors-with-local-influencer-azfoodguy/article_35949fd6-d2ce-11ef-b8d1-9f94580d8ac3.html,Near top of band
Emilia Metidieri,https://www.instagram.com/emiliametidieri/,emiliametidieri,119000,Snippet: 'Emilia Metidieri - Arizona Food & Life (@emiliametidieri) - 119K followers',https://www.instagram.com/emiliametidieri/,"Google search snippet of instagram.com profile, retrieved 2026-09-28",Profile title 'Arizona Food & Life',medium,Food / lifestyle / fashion,Food-plus-fashion crossover; one of the larger individual AZ food accounts inside the band,,,https://www.instagram.com/emiliametidieri/,"Bio says Arizona, not a specific city"
Jen (Foodiehand),https://www.instagram.com/foodiehand/,foodiehand,83000,Snippet: 'Jen - Arizona Food + Travel (@foodiehand) - 83K followers',https://www.instagram.com/foodiehand/,"Google search snippet of instagram.com profile, retrieved 2026-09-28","Profile title 'Arizona Food + Travel'; reels 'Best Brunch in Phoenix', Scottsdale date-night spots",medium,Food / brunch / travel,Phoenix brunch-and-travel creator with large local audience,,,https://www.instagram.com/foodiehand/,Last name not found; bio says Arizona
Panther,https://www.instagram.com/panthereats/,panthereats,65000,Snippet: 'PANTHER - ARIZONA FOOD BLOGGER (@panthereats) - 65K followers',https://www.instagram.com/panthereats/,"Google search snippet of instagram.com profile, retrieved 2026-09-28",Bio: 'ARIZONA FOOD BLOGGER'; content is Phoenix-metro restaurants,medium,Food,Persona-driven ('Panther') AZ food blogger; strong character for video,,,https://www.instagram.com/panthereats/,"Bio says Arizona, not a specific city"
Destiny Liley,https://www.instagram.com/destinyliley/,destinyliley,36000,"Snippet: 'Destiny Liley | Arizona Content Creator (@destinyliley) - 36K followers, 1,553 posts'",https://www.instagram.com/destinyliley/,"Google search snippet of instagram.com profile, retrieved 2026-09-28","Bio: 'Your unhinged internet BFF' based in Phoenix, AZ",high,Food / things to do / fitness / music,Self-described 'unhinged internet BFF'; founder of In Her Company PHX (women's community) and Monsoon Mvmt; big personality,,,https://www.instagram.com/destinyliley/,
Erica (Phoenix Foodie),https://www.instagram.com/aznomnoms/,aznomnoms,24000,Snippet: 'Erica - Phoenix Foodie (@aznomnoms) - 24K followers',https://www.instagram.com/aznomnoms/,"Google search snippet of instagram.com profile, retrieved 2026-09-28","Profile title 'Erica - Phoenix Foodie'; bio: Phoenix, Arizona",high,Food / brunch / local experiences,"Long-running personal Phoenix foodie voice; covers brunch, festivals and Scottsdale experience spots",,,https://www.instagram.com/aznomnoms/,Last name not found
Jenn Baluch,https://www.instagram.com/tastesofaz/,tastesofaz,109000,"Snippet: 'TastesofAZ | Jennifer Baluch (@tastesofaz) - 109K followers'; PHOENIX magazine (May 2025) cites '103,000-plus Instagram followers'",https://www.instagram.com/tastesofaz/,"Google search snippet of instagram.com profile, retrieved 2026-09-28",PHOENIX magazine Best of the Valley 2025 'Best Food Influencer'; 12News profile; content is Phoenix mom-and-pop and Mexican spots,high,"Food (immigrant-owned, dive bars, hidden gems)","PHOENIX magazine's 2025 Best Food Influencer; started during Covid to save struggling restaurants; big TikTok; honest, down-to-earth reviewer",TikTok @tastesofaz (12News covered her 'TikTok fame'); personal IG @jennbaluch,,https://www.phoenixmag.com/2025/05/02/tastesofaz-foodie-influencer-jenn-baluch-shares-her-jalisco-faves/,Also manages social for local restaurants
Alexandra Harju,https://www.instagram.com/alexharjugolf/,alexharjugolf,130000,Snippet: 'Alexandra Harju (@alexharjugolf) - 130K followers; based in Scottsdale',https://www.instagram.com/alexharjugolf/,"Google search snippet of instagram.com profile, retrieved 2026-09-28",Snippet: 'Instagram influencer based in Scottsdale',high,Golf / golf fashion,Top of the local golf-girl niche; golf outfits and course reviews,,,https://www.instagram.com/alexharjugolf/,
Delaney Lawrence,https://www.instagram.com/delaneylawrence/,delaneylawrence,50000,"Snippet: 'Delaney Lawrence (@delaneylawrence) - 50K followers, based in Scottsdale, AZ'",https://www.instagram.com/delaneylawrence/,"Google search snippet of instagram.com profile, retrieved 2026-09-28","Snippet: 'based in Scottsdale, AZ'",high,Golf / lifestyle,Scottsdale golf-lifestyle creator,,,https://www.instagram.com/delaneylawrence/,
Tori Totlis,https://www.instagram.com/tori_totlis/,tori_totlis,49000,Snippet: 'Tori Totlis (@tori_totlis) - 49K followers',https://www.instagram.com/tori_totlis/,"Google search snippet of instagram.com profile, retrieved 2026-09-28",Heepsy Top Golf Instagram influencers in Phoenix (Jul 2026),medium,Golf / women's golf community,Founder of Compete Confidence Golf (women's golf events and community),,,https://www.heepsy.com/top-instagram/golf/phoenix,City not stated in snippet
Boyd Summerhays,https://www.instagram.com/boydsummerhaysgolf/,boydsummerhaysgolf,32000,Snippet: 'Boyd Summerhays (@boydsummerhaysgolf) - 32K followers',https://www.instagram.com/boydsummerhaysgolf/,"Google search snippet of instagram.com profile, retrieved 2026-09-28",Heepsy Top Golf Instagram influencers in Phoenix (Jul 2026),medium,Golf instruction,PGA Tour swing coach based in the Valley; inside stories from tour golf,,,https://www.heepsy.com/top-instagram/golf/phoenix,
Matthew (Matthewwhair),https://www.instagram.com/matthewwhair/,matthewwhair,26000,"Snippet: 'Matthewwhair - Arizona Hairstylist ... 26K followers, based in PHX'",https://www.instagram.com/matthewwhair/,"Google search snippet of instagram.com profile, retrieved 2026-09-28",Bio: Phoenix (PHX) hairstylist,high,Hair / beauty / lifestyle,Phoenix hairstylist with ~14% engagement per Social Cat; funny reels,,,https://thesocialcat.com/influencers/arizona,
Jenna Neumann,https://www.instagram.com/recipeswithjenna/,recipeswithjenna,66000,"Snippet: '@recipeswithjenna ... high-protein recipes, 66K followers, 555 posts'",https://www.instagram.com/recipeswithjenna/,"Google search snippet of instagram.com profile, retrieved 2026-09-28",Snippet: 'Phoenix creator'; influData Top 20 Phoenix Food & Drink (Aug 2026),high,High-protein recipes / fitness food,Sits at the fitness-food intersection; ranked in influData's Phoenix top 20,,recipeswithjenna@brand-bosses.com (from bio; management address),https://infludata.com/rankings/top-20-influencer-united-states-of-america-phoenix-food-instagram,
Christina Rico,https://www.instagram.com/hikersledge/,hikersledge,103000,"Snippet: '@hikersledge ... 103K followers, 1,871 posts'; vidIQ discovery 103.3K",https://www.instagram.com/hikersledge/,"Google search snippet of instagram.com profile, retrieved 2026-09-28","ASU 2013 grad; Facebook/TikTok content centered on Phoenix-area trails (Apache Trail, Butcher Jones)",medium,Hiking / off-road / camping,Ford Bronco ambassador; Phoenix-area trail and scenic-drive guide,TikTok @christina_rico; Facebook hikersledge,,https://www.instagram.com/hikersledge/,Home city not stated in bio
Kera Jeffers,https://www.instagram.com/hautehouselove/,hautehouselove,115000,"Snippet: '@hautehouselove - Kera Jeffers ... Phoenix, AZ with 115K followers'",https://www.instagram.com/hautehouselove/,"Google search snippet of instagram.com profile, retrieved 2026-09-28","Bio: DIY Home & Interior Design | Phoenix, AZ",high,Home / DIY / interior design,Phoenix DIY renovator with a large home-decor audience,Blog Haute House Love,,https://www.instagram.com/hautehouselove/,
Olivia Fierro,https://www.instagram.com/oliviafierro/,oliviafierro,24000,"Snippet: 'Olivia Fierro (@oliviafierro) has 24K followers, 3,565 posts'",https://www.instagram.com/oliviafierro/,"Google search snippet of instagram.com profile, retrieved 2026-09-28","Collabstr: Olivia Fierro from Scottsdale, AZ; content covers Paradise Valley events",high,Host / public-speaking coach / former TV anchor,Former Phoenix TV news host turned emcee and speaking coach; ideal on-camera guest,,https://collabstr.com/oliviafierro,https://collabstr.com/oliviafierro,
Rebekah Brewer,https://www.instagram.com/rebekahhh14/,rebekahhh14,107000,"Snippet: 'Rebekah Brewer ... based in Scottsdale, Arizona with approximately 107,000 followers'",https://www.instagram.com/rebekahhh14/,"Google search snippet of instagram.com profile, retrieved 2026-09-28","Social Cat and snippet: based in Scottsdale, Arizona",high,Lifestyle / fashion / fitness,25-year-old fitness-lifestyle creator with supplement brand deals,,rebekahbrewercollab@gmail.com (from bio),https://thesocialcat.com/influencers/scottsdale,
Caitlin Lindquist,https://www.instagram.com/caitlinclairexo/,caitlinclairexo,95600,"vidIQ lookup: 95.6K followers, 4K posts",https://www.instagram.com/caitlinclairexo/,"vidIQ live Instagram profile lookup, 2026-09-28",Bio: 'az'; PHOENIX magazine 'Instagram Moguls': Scottsdale resident behind Dash of Darling,high,Lifestyle / fashion / girl mom of three,"One of the OG Valley influencers (Dash of Darling), profiled by PHOENIX magazine",Blog dashofdarling.com; LTK,,https://www.phoenixmag.com/2017/02/01/instagram-moguls/,
Chanté Fox,https://www.instagram.com/chantefox/,chantefox,73000,"Snippet: 'Chanté Fox (@chantefox) ... 73K followers, 1,866 posts'",https://www.instagram.com/chantefox/,"Google search snippet of instagram.com profile, retrieved 2026-09-28","influence.co profile: Scottsdale, Arizona",medium,Lifestyle / home / fashion / small business,Introvert-extrovert lifestyle creator; also runs a small business,,,https://influence.co/chantefox,"Location from directory, not bio"
AJ Johnson,https://www.instagram.com/xoajohnson/,xoajohnson,54000,"Snippet: 'AJ | AZ Lifestyle Blogger, Content Creator, Host, Entrepreneur - 54K followers'",https://www.instagram.com/xoajohnson/,"Google search snippet of instagram.com profile, retrieved 2026-09-28",Bio: AZ Lifestyle Blogger / Host,medium,Lifestyle / hosting / entrepreneur,Already a host and entrepreneur; comfortable on mic,,,https://www.instagram.com/xoajohnson/,City not stated in bio
Shayla Quinn,https://www.instagram.com/shayla__quinn/,shayla__quinn,42000,Snippet: 'Shayla Quinn|AZ content creator - 42K followers',https://www.instagram.com/shayla__quinn/,"Google search snippet of instagram.com profile, retrieved 2026-09-28",Bio: AZ content creator based in Scottsdale,high,Lifestyle / fashion / beauty / sports,Scottsdale lifestyle creator with a sports angle,,,https://www.instagram.com/shayla__quinn/,
Nat Braun,https://www.instagram.com/nattyy_b/,nattyy_b,36000,Snippet: 'Nat Braun (@nattyy_b) has 36K followers'; vidIQ 36.2K,https://www.instagram.com/nattyy_b/,"Google search snippet of instagram.com profile, retrieved 2026-09-28","Bio: Scottsdale, AZ & Los Angeles, CA; Favikon Top 20 Scottsdale; AZ Foothills '5 Faves' feature",medium,Lifestyle / fashion / vlogs,Co-founder of Flair Media Management; creator who also manages creators,TikTok,natbraun@thesociablesociety.com (from bio),https://www.favikon.com/blog/top-scottsdale-influencers,Splits Scottsdale and LA
Josh Stately Peters,https://www.instagram.com/joshstately/,joshstately,89000,"Snippet: 'Josh Stately Peters (@joshstately) - 89K followers, luxury broker in Paradise Valley, AZ, $2B+ sold'",https://www.instagram.com/joshstately/,"Google search snippet of instagram.com profile, retrieved 2026-09-28","Bio: luxury broker in Paradise Valley, AZ",high,Luxury real estate,$2B+ sold; high-end Paradise Valley market storyteller,,,https://www.instagram.com/joshstately/,
Shelby DiBiase,https://www.instagram.com/dibiaseteam/,dibiaseteam,53000,"Snippet: 'Shelby DiBiase, Scottsdale (@dibiaseteam) - 53K followers'",https://www.instagram.com/dibiaseteam/,"Google search snippet of instagram.com profile, retrieved 2026-09-28",Bio: Scottsdale luxury real estate,high,Luxury real estate,Scottsdale luxury agent fronting the account personally,,,https://www.instagram.com/dibiaseteam/,Handle says 'team'; confirm she is the on-camera personality
Lawrence Like,https://www.instagram.com/likepropertiesaz/,likepropertiesaz,49000,"Snippet: 'Lawrence Like (@likepropertiesaz) · Scottsdale, AZ - 49K followers'",https://www.instagram.com/likepropertiesaz/,"Google search snippet of instagram.com profile, retrieved 2026-09-28","Google listing location Scottsdale, AZ",high,Luxury real estate,Self-described top 5% realtor worldwide,,,https://www.instagram.com/likepropertiesaz/,"Business-style handle, personal account"
Esperanza Lorena,https://www.instagram.com/theurbandarling/,theurbandarling,99000,"Snippet: 'Esperanza Lorena (@theurbandarling) ... Phoenix-based Latina mom, 99K followers'",https://www.instagram.com/theurbandarling/,"Google search snippet of instagram.com profile, retrieved 2026-09-28",Snippet: Phoenix-based Latina mom and content creator,high,Mom / style / family travel,Phoenix Latina mom blogger; style plus family travel,Blog The Urban Darling,,https://www.instagram.com/theurbandarling/,
Anika Leyba Castillo,https://www.instagram.com/anika.castillo/,anika.castillo,23000,Snippet: 'Anika Leyba Castillo |Arizona Mom & Lifestyle Blog - 23K followers',https://www.instagram.com/anika.castillo/,"Google search snippet of instagram.com profile, retrieved 2026-09-28",Bio: Latina creator and girl mom based in Scottsdale,high,Mom / lifestyle / beauty / DIY,Relatable Scottsdale girl-mom content,,,https://www.instagram.com/anika.castillo/,
Danielle Fairbanks,https://www.instagram.com/danielleoutdoors_/,danielleoutdoors_,62000,Snippet: 'Danielle Fairbanks (@danielleoutdoors_) - 62K followers',https://www.instagram.com/danielleoutdoors_/,"Google search snippet of instagram.com profile, retrieved 2026-09-28","Bio: best hikes, coffee and getaways in Phoenix, Arizona",high,Outdoors / hiking / coffee,Hikes-plus-coffee-plus-getaways; Phoenix-based outdoors creator,,,https://www.instagram.com/danielleoutdoors_/,
Mary (Black Hiker Babe),https://www.instagram.com/blackhikerbabe/,blackhikerbabe,56000,Snippet: 'Mary (@blackhikerbabe) - 56K followers',https://www.instagram.com/blackhikerbabe/,"Google search snippet of instagram.com profile, retrieved 2026-09-28","Bio: hiking, adventure, travel; Arizona and beyond",medium,Outdoors / hiking / wellness,Black representation in the AZ outdoors space; strong personal brand,,,https://www.instagram.com/blackhikerbabe/,Metro city not confirmed
Karli Barney,https://www.instagram.com/azeatsndrinks/,azeatsndrinks,27000,vidIQ lookup 27.3K; snippet '26K followers',https://www.instagram.com/azeatsndrinks/,"vidIQ live Instagram profile lookup, 2026-09-28",Anderson Advertising 'Ad Break' podcast (Mar 2025): Phoenix foodie creator; bio: Arizona Foodie,high,Phoenix food & drink,Came from restaurant-marketing background before becoming a creator; has podcast experience already,TikTok @azeatsndrinks,azeatsndrinks@gmail.com (from bio),https://www.youtube.com/@AndersonAdvPR,Branded logo avatar but run by one named creator
J Allen Perry,https://www.instagram.com/jperrychef/,jperrychef,105000,"Snippet: 'J Allen Perry (@jperrychef) has 105K followers, 392 posts'",https://www.instagram.com/jperrychef/,"Google search snippet of instagram.com profile, retrieved 2026-09-28","Bio: private dining chef serving Scottsdale and Phoenix families, CEOs, entertainers and pro athletes",high,Private chef / luxury dining,Private chef to Valley CEOs and pro athletes; stories from behind the scenes of Scottsdale wealth,,,https://www.instagram.com/jperrychef/,Service professional rather than pure creator
Kyle Unfug,https://www.instagram.com/unfug/,unfug,109000,Snippet: 'Kyle Unfug (@unfug) ... 109K followers',https://www.instagram.com/unfug/,"Google search snippet of instagram.com profile, retrieved 2026-09-28",Co-host of Phoenix-based Johnjay & Rich Show since 2008; weekly on Your Life Arizona,high,Radio personality / mom life / deals,20+ years on Phoenix's biggest morning radio show; natural talker,Johnjay & Rich Show (iHeart); Your Life Arizona TV,,https://www.youtube.com/watch?v=5YOI4rO4ydg,Broadcast personality rather than pure IG creator
Molly Rodham,https://www.instagram.com/mollyrodhamrealtor/,mollyrodhamrealtor,55000,"Snippet: 'SCOTTSDALE, AZ REALTOR | MOLLY RODHAM - 55K followers'",https://www.instagram.com/mollyrodhamrealtor/,"Google search snippet of instagram.com profile, retrieved 2026-09-28","Bio: 'SCOTTSDALE, AZ REALTOR'",high,Real estate,One of the largest local realtor followings; husband is also a Phoenix realtor (couple angle),,,https://www.instagram.com/mollyrodhamrealtor/,
Megan Keruskin,https://www.instagram.com/megan_keruskin/,megan_keruskin,50900,vidIQ lookup 50.9K; snippet '54K followers',https://www.instagram.com/megan_keruskin/,"vidIQ live Instagram profile lookup, 2026-09-28",Bio: 'SCOTTSDALE & PHOENIX REALTOR | COMPASS',high,Real estate / Scottsdale date-night reels,Compass agent whose reels double as Scottsdale lifestyle guides,YouTube @arizona_realtor (~1K),megankeruskin.com,https://www.instagram.com/megan_keruskin/,
Lauren House,https://www.instagram.com/laurenmhouse/,laurenmhouse,42000,Snippet: 'Lauren House | Scottsdale & Miami (@laurenmhouse) - 42K followers',https://www.instagram.com/laurenmhouse/,"Google search snippet of instagram.com profile, retrieved 2026-09-28",Bio: 'Scottsdale & Miami',medium,Real estate / luxury lifestyle,Bi-coastal luxury realtor since 2008; luxury home tours,,,https://www.instagram.com/laurenmhouse/,Splits time with Miami; confirm primary base
Casey Walag,https://www.instagram.com/az.real.estate/,az.real.estate,37000,"Snippet: 'AZ Real Estate Agent | Casey Walag - 37K followers, $65M+ sold'",https://www.instagram.com/az.real.estate/,"Google search snippet of instagram.com profile, retrieved 2026-09-28",Bio: 'AZ Real Estate Agent',medium,Real estate,Arizona agent with $65M+ sold under a generic AZ handle,,,https://www.instagram.com/az.real.estate/,City not stated
Courtney Strzelczyk,https://www.instagram.com/courtneyinphoenix/,courtneyinphoenix,27000,Snippet: 'Courtney Strzelczyk | Phoenix Realtor - 27K followers',https://www.instagram.com/courtneyinphoenix/,"Google search snippet of instagram.com profile, retrieved 2026-09-28",Bio: 'Phoenix Realtor',high,Real estate / Phoenix lifestyle,Lifestyle-forward 'in Phoenix' brand,,,https://www.instagram.com/courtneyinphoenix/,
Justin Caputo,https://www.instagram.com/justinxcaputo/,justinxcaputo,22000,Snippet: 'Justin Caputo - Scottsdale Realtor - 22K followers',https://www.instagram.com/justinxcaputo/,"Google search snippet of instagram.com profile, retrieved 2026-09-28",Bio: 'Scottsdale Realtor',high,Real estate,Scottsdale realtor with personal-brand content,,,https://www.instagram.com/justinxcaputo/,
Diá (Nadia Monique),https://www.instagram.com/nadiiamonique/,nadiiamonique,96000,"Snippet: 'Diá (@nadiiamonique) with 96K followers, 1,003 posts'; vidIQ discovery 96.4K",https://www.instagram.com/nadiiamonique/,"Google search snippet of instagram.com profile, retrieved 2026-09-28","Bio links @11.11scottsdale; vidIQ: Scottsdale restaurant reviews, hotel features, nightlife",high,Scottsdale lifestyle / hotel & food reviews / nightlife,Pinned reels at 5M-7M plays; 200K+ TikTok; mixes Scottsdale nightlife promo with hotel reviews,TikTok 200K+ (per bio),,"vidIQ Instagram discovery, 2026-09-28",
Grace Kathrine,https://www.instagram.com/xogracebaby/,xogracebaby,61600,"vidIQ lookup: 61.6K followers, 16 posts",https://www.instagram.com/xogracebaby/,"vidIQ live Instagram profile lookup, 2026-09-28",Bio: 'scottsdale girly'; reels document Old Town Scottsdale nightlife,high,Scottsdale nightlife / Gen-Z social scene,Reels hit 300K to 1.4M plays on Scottsdale going-out culture,hoo.be link page,https://hoo.be/xogracebaby,"vidIQ Instagram discovery, 2026-09-28",Party content; check tone fit
Lina Lovely,https://www.instagram.com/linalovelytattoos/,linalovelytattoos,21000,"Snippet: 'Lina Lovely - 21K followers, tattoo artist in Phoenix, AZ specializing in pet tattoos'",https://www.instagram.com/linalovelytattoos/,"Google search snippet of instagram.com profile, retrieved 2026-09-28","Bio: tattoo artist in Phoenix, AZ",high,Tattoo art (pet portraits),"Phoenix tattoo artist known for dog and pet tattoos; visual, story-rich craft",,,https://www.instagram.com/linalovelytattoos/,Artist/service account
Brittany Rizzo,https://www.instagram.com/miss_rizzo/,miss_rizzo,76400,vidIQ lookup: 76.4K followers; Social Cat lists 69k,https://www.instagram.com/miss_rizzo/,"vidIQ live Instagram profile lookup, 2026-09-28","Bio: 'Arizona Gal'; Social Cat: digital creator from Gilbert, Arizona",high,Travel / lifestyle / real estate,Visited 92 countries; 202K TikTok; Gilbert-based,TikTok @miss_rizzo (202K per bio),,https://thesocialcat.com/influencers/arizona-tiktok,
Selma Escobar,https://www.instagram.com/selma_explores/,selma_explores,54000,Snippet: 'Selma Escobar (@selma_explores) - Arizona-based travel creator with 54K followers',https://www.instagram.com/selma_explores/,"Google search snippet of instagram.com profile, retrieved 2026-09-28",Bio: Arizona-based travel creator,medium,Travel / outdoors,"Southwest hikes, parks and stays",,,https://www.instagram.com/selma_explores/,Metro city not confirmed
Lara (Scottsdale Travel Chick),https://www.instagram.com/scottsdaletravelchick/,scottsdaletravelchick,35000,Snippet: 'Lara (@scottsdaletravelchick) has 35K followers',https://www.instagram.com/scottsdaletravelchick/,"Google search snippet of instagram.com profile, retrieved 2026-09-28",Handle and bio: Scottsdale Travel Chick,high,Travel after 50 / hotel reviews,Travel-after-50 angle; a different demographic from most creators,,,https://www.instagram.com/scottsdaletravelchick/,
Keegan Acton,https://www.instagram.com/keeganacton/,keeganacton,50000,Snippet: 'Keegan Acton has 50K followers on Instagram',https://www.instagram.com/keeganacton/,"Google search snippet of instagram.com profile, retrieved 2026-09-28",Daily Independent: 'Scottsdale YouTuber Keegan Acton'; AZ Foothills 'Trendsetter to Know': lives in Scottsdale,high,Vlogs / lifestyle / YouTube,Scottsdale YouTuber with 450K+ subscribers who vlogs her life; local press coverage,YouTube 450K+ subscribers,,"https://www.yourvalley.net/stories/scottsdale-youtuber-keegan-acton-capitalizes-on-her-lifes-chronicles,351534",
Briquelle Kayanne,https://www.instagram.com/briquellekayannephotography/,briquellekayannephotography,51000,Snippet: 'Arizona wedding and engagement photographer based in Phoenix with 51K followers',https://www.instagram.com/briquellekayannephotography/,"Google search snippet of instagram.com profile, retrieved 2026-09-28","Bio: Arizona wedding photographer, Phoenix",high,Wedding photography,Phoenix wedding photographer with a large audience,,,https://www.instagram.com/briquellekayannephotography/,Business-style account run by one person
Hayley Lombard,https://www.instagram.com/hayleyelysefit/,hayleyelysefit,124000,"Snippet: 'Hayley Lombard (@hayleyelysefit) has 124K followers, 1,795 posts'",https://www.instagram.com/hayleyelysefit/,"Google search snippet of instagram.com profile, retrieved 2026-09-28",Facebook page 'Hayleyelysefit | Scottsdale AZ'; Hayleyelysefit LLC registered in Scottsdale; Heepsy Top Wellness Phoenix (Feb 2026),high,Wellness / faith / slow living / mom life,NASM trainer with severe scoliosis who pivoted to holistic and low-tox living; faith-forward; clear management contact,TikTok @hayleylombard_,"Hayley@a-listme.com (management, from bio)",https://www.heepsy.com/ranking/top-fitness-influencers-in-phoenix,
