tier,name,instagram_url,handle,followers,follower_evidence,follower_source_date,location_evidence,location_confidence,niche,why_interesting_guest,other_channels,contact_path,found_via_source_url,notes
200K-500K,McKenna Wesley,https://www.instagram.com/thebubblyblonde/,thebubblyblonde,443000,Snippet: 443K followers,"Search-engine summary of instagram.com profile, retrieved 2026-09-28 to 09-30",Bio: based in Scottsdale; Scottsdale City Lifestyle 'Influencer of the Month',high,Fashion / beauty / luxury travel,Most-cited Scottsdale luxury lifestyle creator; former child model who walked for Valentino,TikTok about 530K,,https://citylifestyle.com/articles/meet-mckenna-wesley,"Lifestyle content; if she also sells real estate, it isn't her main content"
200K-500K,Alison Sweeney,https://www.instagram.com/alisonsweeney/,alisonsweeney,459000,Round-5 agent search summary: 459K followers,"Search-engine summary of instagram.com profile, retrieved 2026-09-28 to 09-30",Fox News and her own blog: moved her family from LA to Scottsdale in 2022,high,Actress / TV host,Days of Our Lives star and longtime host of The Biggest Loser who left Hollywood for a 'normal' life in Scottsdale,Hallmark movies; blog travelingwithsweeney.com,,https://www.travelingwithsweeney.com/relocating-to-scottsdale-arizona/,Count from one summary; recheck live
200K-500K,Becca & Justin (Hungry Hotline),https://www.instagram.com/hungryhotline/,hungryhotline,426000,Snippet: 426K followers; 800K+ across platforms,"Search-engine summary of instagram.com profile, retrieved 2026-09-28 to 09-30",Bio: 'Arizona's #1 Food & Experience Content Creator',medium,Food / experiences,Couple behind the biggest Arizona food-and-experience account,"TikTok and others, 800K+ combined",,https://www.instagram.com/hungryhotline/,Couple account
200K-500K,Jeremy Scott,https://www.instagram.com/jeremyscottfitness/,jeremyscottfitness,361000,vidIQ lookup: 361K followers,"vidIQ live Instagram profile lookup, 2026-09-28","Bio: personal trainer, Scottsdale AZ gym",high,Fitness / personal training,Best-known Scottsdale trainer-creator; 20+ years coaching busy adults; hosts a fitness podcast,Jeremy Scott Fitness Podcast; training app,jeremyscottfitness.app,https://www.instagram.com/jeremyscottfitness/,
200K-500K,Sam Capaldi (No Snob Somm),https://www.instagram.com/samanthasommelier/,samanthasommelier,345000,Snippet: 345K; influData Aug 2026 shows +9.7K last month,"Search-engine summary of instagram.com profile, retrieved 2026-09-28 to 09-30",Net Influencer and influData list her among top Phoenix food and drink creators,medium,Wine / drinks,Anti-snob sommelier with her own wine club and wine brand,,,https://www.netinfluencer.com/top-food-influencers-in-phoenix/,
200K-500K,Lauren 'Lola' Garcia,https://www.instagram.com/whatlolalikes/,whatlolalikes,340500,vidIQ lookup: 340.5K followers,"vidIQ live Instagram profile lookup, 2026-09-28","Bio: Phoenix, AZ",high,Food / fitness / motherhood,Grew from a Phoenix New Times pick to 340K; mom of two girls,,whatlolalikes@parkertalentmanagement.com,https://www.phoenixnewtimes.com/arts/phoenix-lifestyle-fashion-bloggers-instagram-9169186,
200K-500K,Chelsey Hauston,https://www.instagram.com/letthemeatthis/,letthemeatthis,336800,vidIQ lookup: 336.8K followers,"vidIQ live Instagram profile lookup, 2026-09-28","Bio: AZ food, travel and experience blogger; Off Deadline podcast (Phoenix PR agency)",high,Food / travel,Started with a page for her pet pigs that hit BuzzFeed; lives with a rare disease; one video hit 1M views in a day,TikTok about 300K,linktr.ee/letthemeatthis,https://www.youtube.com/@ProofPublicity,
200K-500K,Joel Dahmen,https://www.instagram.com/joeldahmen/,joeldahmen,318000,Search summary: 318K followers,"Search-engine summary of instagram.com profile, retrieved 2026-09-28 to 09-30",Search summary: lives in Scottsdale,high,PGA Tour golfer,Breakout star of Netflix's Full Swing; testicular cancer survivor who lost his mother to cancer; famously candid,X @Joel_Dahmen,,https://joeldahmen.com/,
200K-500K,Karina Balcerzak,https://www.instagram.com/karinaavx__/,karinaavx__,317000,Snippet: 317K followers (Social Cat listed 308K),"Search-engine summary of instagram.com profile, retrieved 2026-09-28 to 09-30","Bio: 'phx, az'",high,Dance / music / lifestyle,Phoenix dancer and music creator with a big short-form following,TikTok; YouTube karinabalcerzak,,https://www.instagram.com/karinaavx__/,
200K-500K,Diana Taurasi,https://www.instagram.com/dianataurasi/,dianataurasi,317612,"Google panel via agent: 317,612 followers","Search-engine summary of instagram.com profile, retrieved 2026-09-28 to 09-30",Lives in Phoenix's Arcadia neighborhood (property coverage); spent all 20 WNBA seasons with the Mercury,high,Basketball legend,WNBA's all-time leading scorer and six-time Olympic gold medalist; retired in 2025 and stayed in Phoenix,,,https://www.urbansplatter.com/2026/02/diana-taurasi-house-the-phoenix-residence/,Hard to book; pitch through the Mercury or her agency
200K-500K,Diana Brandt (The Original Arizona Foodie),https://www.instagram.com/azfoodie/,azfoodie,299000,vidIQ lookup: 299K followers,"vidIQ live Instagram profile lookup, 2026-09-28",Net Influencer: 'catalog of where to eat and drink around the Valley',high,Food / travel / music,The original Valley food influencer with a decade-plus catalog of Phoenix dining,,,https://www.netinfluencer.com/top-food-influencers-in-phoenix/,
200K-500K,Angela Judd,https://www.instagram.com/growing.in.the.garden/,growing.in.the.garden,296200,vidIQ lookup: 296.2K followers,"vidIQ live Instagram profile lookup, 2026-09-28",Bio: 'Low Desert AZ'; Phoenix Home & Garden (Aug 2025) feature; Mesa-based,medium,Desert gardening,"The go-to voice for growing food in Phoenix heat; blog, YouTube and classes",YouTube Growing In The Garden,growinginthegarden.com,https://www.phgmag.com/8-gardening-influencers-in-arizona-you-should-be-following-now/,
200K-500K,Clayton Echard,https://www.instagram.com/claytonechard/,claytonechard,291000,Search summary (2026): 291K followers,"Search-engine summary of instagram.com profile, retrieved 2026-09-28 to 09-30",Search summary and City Sun Times: lives in Scottsdale,high,Reality TV / dance / mental health,Bachelor lead who became a mental-health advocate and competitive dancer in Scottsdale; lots of story after the show,TikTok @clayton.echard,,https://www.citysuntimes.com/featured_stories/clayton-echard-dance-journey/article_fced7f49-508f-4891-8900-cc616b10ad04.html,"Works as a Scottsdale realtor, but his content is The Bachelor, dance and mental health. Flagged per the no-real-estate rule"
200K-500K,Melissa Anaya (Eat Drink AZ),https://www.instagram.com/eatdrinkaz/,eatdrinkaz,279000,Snippet: 279K followers,"Search-engine summary of instagram.com profile, retrieved 2026-09-28 to 09-30",FOX 10 Phoenix feature on Valley food influencers,high,Food / hotels,"Food-and-hotels creator whose reviews measurably drive restaurant traffic, per FOX 10",,,https://www.fox10phoenix.com/news/social-media-influencers-business-phoenix-restaurants,
200K-500K,Joey Jay,https://www.instagram.com/joeyjayisgay/,joeyjayisgay,268000,Snippet: 268K; a July 2026 source says 348K,"Search-engine summary of instagram.com profile, retrieved 2026-09-28 to 09-30",Phoenix New Times: 'his love for the Phoenix scene'; crowned Miss Gay Phoenix America 2025,high,Drag performer,RuPaul's Drag Race season 13 queen and All Stars runner-up who built his career in Phoenix,TikTok; X @joeyjayisgay,,https://www.phoenixnewtimes.com/arts-culture/rupaul-drag-race-joey-jay-phoenix-11526569/,"Drag performance, not a comedy act; flag if your comedy rule is strict"
200K-500K,Johnjay Van Es,https://www.instagram.com/johnjayvanes/,johnjayvanes,263000,Search summary: 263K followers,"Search-engine summary of instagram.com profile, retrieved 2026-09-28 to 09-30",Host of the Phoenix-based Johnjay & Rich morning show (KISS FM),high,Radio host,Built Phoenix's biggest morning show and a national syndication empire; AZ Foothills' Favorite Valley Dad. Pairs with co-hosts Rich Berra and Kyle Unfug on the main list,Johnjay & Rich (iHeart),,https://www.arizonafoothillsmagazine.com/bestof/people/favorite-valley-dad-johnjay-van-es,
200K-500K,Max Homa,https://www.instagram.com/max.homa/,max.homa,261000,Agent search summary: 261K followers,"Search-engine summary of instagram.com profile, retrieved 2026-09-28 to 09-30",SFGate: bought a Scottsdale home in 2022 and moved his family from LA,high,PGA Tour golfer,Six-time PGA Tour winner and golf's funniest voice on social media; open about slumps and mental health,X @max_homa,,https://www.sfgate.com/realestate/article/inside-pga-championship-star-max-homa-s-3-4-20331347.php,Handle may be maxhoma23; confirm live
200K-500K,Pasquale 'Possible Pat' Brocco,https://www.instagram.com/possiblepat/,possiblepat,255800,vidIQ lookup: 255.8K; FOX 10 says 300K+,"vidIQ live Instagram profile lookup, 2026-09-28",FOX 10 and 12News: Phoenix man; owns Track Club Fitness,medium,Weight-loss transformation / fitness,Lost 300+ pounds walking to Walmart for lunch every day; appeared on Ellen; now a gym owner,,possiblepat.com,https://www.fox10phoenix.com/news/possible-pat-weight-loss-success-inspiring-others-around-the-world,
200K-500K,Tania Tare,https://www.instagram.com/taniatare/,taniatare,250000,Article: 250K on Instagram (another source says 347K),"Search-engine summary of instagram.com profile, retrieved 2026-09-28 to 09-30",Article: lives in Scottsdale,high,Golf trick shots,Golf trick-shot pro who co-founded ForeHerSports for women in golf,,,https://www.influencerintelligence.com/blog/TGz/10-golf-influencers-you-should-follow,
200K-500K,Nico Felich,https://www.instagram.com/nicofelich/,nicofelich,249000,Search summary: 249K followers; 551.9K on TikTok,"Search-engine summary of instagram.com profile, retrieved 2026-09-28 to 09-30",Grand Canyon University student (Phoenix); LinkedIn,medium,Fitness / 'day of eats' / running,Viral 'day of eats' creator training for marathons while in college,TikTok 551.9K,linktr.ee/nicofelich,https://www.instagram.com/nicofelich/,
200K-500K,Travis Hearn,https://www.instagram.com/travishearn/,travishearn,227000,Snippet: 227K followers,"Search-engine summary of instagram.com profile, retrieved 2026-09-28 to 09-30","Senior pastor of Impact Church, Scottsdale; Phoenix Suns team chaplain",high,Pastor,Scottsdale megachurch pastor and Suns chaplain with his own podcast,Podcast; X @TravisHearn,travishearn.com,https://www.instagram.com/travishearn/,
200K-500K,Sara Vickers,https://www.instagram.com/saragailvickers/,saragailvickers,209563,"Search summary: 209,563 followers (another source 215K)","Search-engine summary of instagram.com profile, retrieved 2026-09-28 to 09-30","Fabulous Arizona profile: from Scottsdale; co-owner of In My Jammers, a Scottsdale brand",high,Mom / family / small business,Scottsdale girl-mom who co-owns baby-pajama brand In My Jammers,Threads 34.1K,,https://fabulousarizona.com/fabulous-people/fabulous-people-sara-vickers/,
200K-500K,Nevin (NTB),https://www.instagram.com/nevinthebarber/,nevinthebarber,207000,Snippet: 207K followers,"Search-engine summary of instagram.com profile, retrieved 2026-09-28 to 09-30","Bio: licensed barber based in Avondale, AZ; clients across Glendale and Phoenix",high,Barber,"The Valley's biggest barber account; faith-forward ('My Talent, His Glory')",,,https://www.instagram.com/nevinthebarber/,West Valley
200K-500K,Paul Casey,https://www.instagram.com/paul_caseygolf/,paul_caseygolf,201000,Search summary: 201K followers,"Search-engine summary of instagram.com profile, retrieved 2026-09-28 to 09-30",Search summary: has lived in Scottsdale for many years,high,Pro golfer,English Ryder Cup veteran with 20+ years at the top of the game; now on LIV,X @Paul_Casey,,https://en.wikipedia.org/wiki/Paul_Casey,
150K-200K (between the two lists),Tony Duncan,https://www.instagram.com/tonyduncan/,tonyduncan,199000,Snippet: 199K followers,"Search-engine summary of instagram.com profile, retrieved 2026-09-28 to 09-30",Visit Phoenix: based in Mesa with his family,high,Native American hoop dancer / flutist,Five-time world champion hoop dancer and Kennedy Center artist,,,https://www.visitphoenix.com/stories/post/tony-duncan/,
150K-200K (between the two lists),Wyndham Clark,https://www.instagram.com/wyndhamclark/,wyndhamclark,174000,Round-5 agent search summary: 174K,"Search-engine summary of instagram.com profile, retrieved 2026-09-28 to 09-30",Lives in Scottsdale (round-5 research),medium,PGA Tour golfer,2023 US Open champion,,,https://www.instagram.com/wyndhamclark/,
150K-200K (between the two lists),Corbin Carroll,https://www.instagram.com/corbincarroll/,corbincarroll,183000,Round-5 agent search summary: 183K,"Search-engine summary of instagram.com profile, retrieved 2026-09-28 to 09-30",Diamondbacks outfielder; lives in the Valley in season,medium,Baseball,2023 NL Rookie of the Year,,,https://www.instagram.com/corbincarroll/,Offseason home unconfirmed; handle from agent research
150K-200K (between the two lists),Cheyenne Woods,https://www.instagram.com/cheyenne_woods/,cheyenne_woods,160000,Search summaries: 144K to 159.9K,"Search-engine summary of instagram.com profile, retrieved 2026-09-28 to 09-30",Married Aaron Hicks in Arizona in 2022; back home in Arizona with their children,high,Pro golfer,Tiger Woods' niece; former LPGA player and podcaster,,,https://www.instagram.com/cheyenne_woods/,
150K-200K (between the two lists),Randy Johnson,https://www.instagram.com/rj51photos/,rj51photos,158000,Round-5 agent search summary: 158K,"Search-engine summary of instagram.com profile, retrieved 2026-09-28 to 09-30",Paradise Valley,high,Hall of Fame pitcher turned photographer,Five-time Cy Young winner who now shoots concerts and wildlife,,,https://www.instagram.com/rj51photos/,
150K-200K (between the two lists),Budda Baker,https://www.instagram.com/buddabaker/,buddabaker,158000,Round-5 agent search summary: 158K,"Search-engine summary of instagram.com profile, retrieved 2026-09-28 to 09-30",Cardinals safety; lives in the Valley in season,medium,Football,Cardinals All-Pro safety,,,https://www.instagram.com/buddabaker/,Offseason home unconfirmed; handle from agent research
